ID,First Name,Last Name,email
1,Hermione,Fuentes,et.libero.Proin@Cum.com
2,Brielle,Spence,sed.dictum@eget.ca
3,Ulysses,Preston,nunc.ac.mattis@elitEtiamlaoreet.co.uk
4,Holmes,Mccormick,Vivamus@inconsectetuer.com
5,Conan,Holman,leo@tincidunt.edu
6,Britanney,Gutierrez,enim@veliteget.ca
7,Irma,Chang,justo.eu@dui.ca
8,Nelle,Walter,ligula.Aenean.euismod@Duisacarcu.edu
9,Fiona,Blackwell,quis.massa@Intinciduntcongue.com
10,Quail,Rasmussen,ultricies.ligula@sollicitudin.co.uk
11,Kirby,Middleton,tincidunt.tempus.risus@et.com
12,Blythe,Bray,mi.lacinia@at.co.uk
13,Zena,Mcdowell,a.auctor@scelerisqueduiSuspendisse.net
14,Dakota,Crawford,sem.ut.dolor@Quisque.com
15,Plato,Gilliam,vel@diamvel.com
16,Yoshio,Foster,Phasellus.elit@eueros.org
17,Alan,Carver,orci@diamSed.com
18,Cally,Mullen,in.hendrerit@risus.co.uk
19,Madeline,Sparks,consectetuer.adipiscing@velarcueu.org
20,Petra,Booker,Nullam.suscipit@facilisiSed.com
21,Maxine,Mendoza,gravida@arcu.ca
22,Bo,Pitts,varius.et.euismod@libero.net
23,Hollee,Russell,turpis.egestas.Fusce@tempor.ca
24,Keefe,Mckee,Nam.nulla@nec.com
25,Blaine,Lambert,odio.vel@tortorat.com
26,Ulric,Salinas,lacus.Ut.nec@CraspellentesqueSed.org
27,Cherokee,Mendoza,at.risus@loremeumetus.ca
28,Zeph,Barnes,Quisque.nonummy@turpisnon.co.uk
29,Pascale,Fields,tellus@inlobortistellus.com
30,Aaron,Tillman,accumsan.convallis@diamDuismi.org
31,Margaret,Frank,ut.aliquam.iaculis@id.org
32,Miranda,Lowery,Donec.at@necmollisvitae.ca
33,Alec,Martin,Nam.nulla.magna@egetmetus.edu
34,Melanie,Shelton,non.feugiat.nec@eratvitae.com
35,Todd,Rosales,nostra@Etiam.co.uk
36,Elaine,Copeland,Mauris.vel.turpis@enim.org
37,Dale,Woodward,consectetuer.rhoncus@elit.com
38,Brendan,William,Mauris@semmolestie.org
39,Gil,Love,ligula@nibhlacinia.net
40,Irma,Cook,Donec@arcu.com
41,Vera,Rollins,a@lacus.net
42,Fleur,Gilliam,faucibus.orci@magnanecquam.edu
43,Maite,Contreras,elit@sagittis.net
44,Barclay,Finley,Donec.luctus@ipsumdolorsit.edu
45,Madonna,Thornton,Phasellus@ornarelectusante.com
46,Madison,Shelton,tristique.aliquet@Integer.ca
47,Xantha,Freeman,Sed.pharetra@nascetur.ca
48,Silas,Allison,eget.massa.Suspendisse@eratneque.co.uk
49,Alden,Burnett,convallis.in.cursus@euaugue.net
50,Calvin,Santiago,nulla.vulputate@urnaetarcu.ca
51,Gwendolyn,Henderson,Etiam.imperdiet@mollis.net
52,Craig,Reynolds,Nullam@felis.net
53,Donovan,Zimmerman,sollicitudin@nonenimMauris.edu
54,Maile,Gregory,cursus.diam.at@porttitorscelerisque.org
55,Althea,Hewitt,justo.sit@sociisnatoquepenatibus.edu
56,Keith,Rasmussen,ac@asollicitudinorci.co.uk
57,Raymond,Wyatt,dui@ligula.co.uk
58,Virginia,Alvarez,sed@luctuset.net
59,Ivy,Branch,Nulla.aliquet.Proin@euismod.net
60,Hamilton,Sanchez,eu.dolor@facilisis.net
61,Penelope,Franks,senectus.et@Sedeget.com
62,Gwendolyn,Barton,amet@ornare.org
63,Colby,Craft,massa@ligulaeu.net
64,Sasha,Hewitt,Donec.luctus.aliquet@In.com
65,Ronan,Robertson,faucibus.Morbi@ametluctusvulputate.edu
66,Miranda,Mercer,Aenean.sed.pede@ligula.co.uk
67,Griffin,Holman,sollicitudin.a@pellentesquetellussem.co.uk
68,Galvin,Russell,accumsan.laoreet.ipsum@urnaetarcu.com
69,Zachery,Bonner,Sed@Duisa.edu
70,Thaddeus,Bush,luctus.sit@pulvinararcu.net
71,Hollee,Stone,diam@elitdictumeu.net
72,Len,Simon,ante.ipsum.primis@netus.org
73,Cyrus,Gillespie,Quisque@vestibulumneceuismod.edu
74,Dieter,Williams,neque.venenatis@magna.com
75,Philip,Fox,Curabitur@iaculislacuspede.com
76,Keiko,Chavez,fringilla.cursus@Praesentinterdumligula.edu
77,Carla,Benjamin,Duis@at.net
78,Scarlett,Sims,pharetra.sed@lectusjusto.edu
79,Ann,Goodwin,Curae@arcu.edu
80,Dai,Olsen,Donec.vitae@Curae.ca
81,Walter,Acevedo,ornare.tortor.at@Nunc.ca
82,Medge,Campbell,risus.Donec.nibh@penatibuset.co.uk
83,Venus,Howard,Duis@et.co.uk
84,Lee,Emerson,augue.eu@nonfeugiatnec.edu
85,Steel,Singleton,lacinia.mattis@eu.com
86,Aretha,Heath,Aenean.sed@eu.ca
87,Vincent,Rogers,accumsan.sed@ornaretortorat.ca
88,Reagan,Morgan,Nam.consequat@estvitae.ca
89,Morgan,Kirby,at.libero.Morbi@neque.org
90,Stuart,Reyes,Cras.convallis@commodoipsum.ca
91,Gisela,Stanton,ut.aliquam.iaculis@Sed.co.uk
92,Sandra,Coffey,nec@Praesenteu.co.uk
93,Channing,Ortiz,pharetra.nibh@Aenean.co.uk
94,Chase,Bryan,lorem.Donec.elementum@malesuadaiderat.org
95,Rooney,Trujillo,nonummy.ultricies.ornare@amet.ca
96,Kameko,Miles,dictum@Craspellentesque.co.uk
97,Drake,Nichols,vitae@lacinia.ca
98,Orlando,Pearson,eleifend@ligulaelitpretium.net
99,Daquan,Wong,Aliquam@nuncrisus.com
100,Rashad,Robertson,et@lectus.com
